country,location_name,latitude,longitude,avg_temperature_celsius,avg_precip_mm,avg_humidity,avg_pm25
Afghanistan,Kabul,34.5167,69.1833,16.82252100840336,0.03591596638655462,28.551260504201682,20.49105882352941
Afghanistan,Kabul,34.52,69.18,27.884172661870505,0.04043165467625899,21.48201438848921,11.458381294964028
Albania,Tirana,41.3275,19.8189,16.36829679595278,0.13642495784148398,61.13490725126476,16.122259696458684
Albania,Tirana,41.33,19.82,31.071223021582732,0.15942446043165467,42.84172661870504,9.582589928057555
Algeria,Algiers,36.76,3.05,29.053623188405798,0.004057971014492754,50.34782608695652,13.106811594202899
Algeria,Algiers,36.7631,3.0506,18.086003372681283,0.06232715008431703,68.35244519392917,19.8195784148398
Andorra,Andorra La Vella,42.5,1.5167,6.223232323232323,0.10277777777777779,69.28451178451178,5.128016835016835
Andorra,Andorra La Vella,42.5,1.52,18.882014388489207,0.20115107913669064,48.96402877697842,2.8519784172661873
Angola,Luanda,-8.84,13.23,25.834532374100718,0.00014388489208633093,68.05035971223022,62.48758992805755
Angola,Luanda,-8.8383,13.2344,26.114309764309763,0.04218855218855219,77.27272727272727,22.7868265993266
Antigua and Barbuda,Saint John's,17.1167,-61.85,25.72652027027027,0.12244932432432432,79.19594594594595,11.944947635135135
Antigua and Barbuda,Saint John's,17.12,-61.85,28.791240875912408,0.09686131386861313,76.44525547445255,4.077102189781022
Argentina,Buenos Aires,-34.59,-58.67,10.77536231884058,0.059202898550724636,80.45652173913044,9.507101449275362
Argentina,Buenos Aires,-34.5875,-58.6725,15.857166947723439,0.1024283305227656,82.60033726812816,11.490075885328835
Armenia,Yerevan,40.18,44.51,30.102877697841727,0.06741007194244605,26.294964028776977,8.56025179856115
Armenia,Yerevan,40.1811,44.5136,13.488047138047138,0.04523569023569024,49.496632996633,14.593981481481483
Australia,Canberra,-35.2833,149.2167,17.576599326599325,0.10580808080808081,59.122895622895626,8.641767676767676
Australia,Canberra,-35.28,149.22,6.423913043478261,0.10253623188405797,83.72463768115942,3.761485507246377
Australia,Melbourne,-37.82,144.97,11.6,0.0,54.0,2.8
Austria,Vienna,48.2,16.3667,9.73546218487395,0.05736134453781513,71.82689075630252,20.360697478991597
Austria,Vienna,48.2,16.37,24.906521739130433,0.1376086956521739,51.30434782608695,5.845253623188405
Azerbaijan,Baku,40.3953,49.8822,16.37020202020202,0.04156565656565657,65.57575757575758,17.214503367003367
Azerbaijan,Baku,40.4,49.88,28.102173913043476,0.005652173913043478,46.789855072463766,15.282282608695652
Bahamas,Nassau,25.08,-77.35,28.4007299270073,0.10627737226277373,79.2919708029197,4.220036496350365
Bahamas,Nassau,25.0833,-77.35,23.694247038917087,0.058054145516074455,81.08798646362098,9.911548223350254
Bahrain,Manama,26.2361,50.5831,27.90909090909091,0.005420875420875421,51.63468013468013,66.37684343434344
Bahrain,Manama,26.24,50.58,36.910071942446045,0.0,46.36690647482014,54.70661870503597
Bangladesh,Dhaka,23.72,90.41,30.327536231884057,0.5607246376811594,72.23913043478261,25.75557971014493
Bangladesh,Dhaka,23.7231,90.4086,31.226430976430976,0.2303367003367003,40.53703703703704,80.04569865319864
Barbados,Bridgetown,13.1,-59.62,28.83884892086331,0.16158273381294966,80.07913669064749,3.56805035971223
Barbados,Bridgetown,13.1,-59.6167,26.576351351351352,0.1338006756756757,79.50844594594595,12.938714527027027
Belarus,Minsk,53.9,27.5667,6.358347386172007,0.0633220910623946,76.82967959527825,16.050919055649242
Belarus,Minsk,53.9,27.57,23.091366906474818,0.17158273381294964,53.776978417266186,5.8496762589928055
Belgium,'S Gravenjansdijk,51.25,3.63,20.834862385321102,0.1408256880733945,64.10091743119266,7.634174311926605
Belgium,'S Gravenjansdijk,51.25,3.6333,12.035714285714286,0.06478260869565217,76.64285714285714,23.51166149068323
Belgium,'S Gravenjansdyk,51.25,3.63,16.341666666666665,0.16083333333333333,67.58333333333333,2.4583333333333335
Belgium,'S Gravenstaffel,50.88,2.98,15.5625,0.18875,80.5,4.675
Belgium,'S-Gravenbrakel,50.6,4.1333,8.283060109289618,0.07994535519125683,85.61748633879782,11.475765027322405
Belgium,Brussels,50.83,4.33,19.914492753623186,0.1108695652173913,66.26811594202898,6.9670289855072465
Belgium,Brussels,50.8333,4.3333,10.116161616161616,0.07316498316498317,79.83333333333333,21.006725589225592
Belize,Belmopan,17.25,-88.77,25.946043165467625,0.1216546762589928,93.45323741007195,3.413618705035971
Belize,Belmopan,17.25,-88.7667,21.17792869269949,0.12290322580645162,96.28692699490662,7.944847198641766
Benin,Porto-Novo,6.48,2.62,28.886231884057974,0.12942028985507245,73.94927536231884,6.453550724637681
Benin,Porto-Novo,6.4833,2.6167,28.143097643097644,0.08590909090909091,81.64646464646465,30.84526936026936
Bhutan,Thimphu,27.48,89.6,14.138405797101449,0.4921014492753623,91.15942028985508,6.930579710144928
Bhutan,Thimphu,27.4833,89.6,13.172175379426644,0.25620573355817877,53.96964586846543,10.450370994940977
Bolivia,National,-11.1833,-67.0833,21.964237288135593,0.16035593220338984,88.39491525423729,11.780220338983051
Bolivia,National,-11.18,-67.08,24.8231884057971,0.0010144927536231885,52.492753623188406,41.0751884057971
Bolivia,Sucre,-19.0431,-65.2592,11.874406779661017,0.11776271186440679,78.8542372881356,6.288644067796611
Bolivia,Sucre,-19.04,-65.26,12.074452554744527,0.0032846715328467154,54.56934306569343,10.498613138686132
Bosnia and Herzegovina,Sarajevo,43.85,18.38,26.22589928057554,0.2941726618705036,47.36690647482014,7.910647482014388
Bosnia and Herzegovina,Sarajevo,43.85,18.3833,9.534175084175084,0.125993265993266,77.35690235690235,30.596329966329968
Botswana,Gaborone,-24.65,25.91,25.374820143884893,0.0005035971223021583,20.892086330935253,10.778129496402878
Botswana,Gaborone,-24.6464,25.9119,22.192255892255893,0.06562289562289562,59.695286195286194,15.852373737373737
Brazil,Bras,-2.0833,-58.1667,23.12508474576271,0.23127118644067796,89.27796610169491,10.386254237288137
Brazil,Bras,-2.08,-58.17,28.471014492753625,0.1013768115942029,61.18840579710145,6.256376811594203
Brazil,Sao Paulo,-23.53,-46.62,17.9,0.09,90.0,13.1
Brunei Darussalam,Bandar Seri Begawan,4.88,114.93,27.60072463768116,0.6179710144927536,87.68115942028986,7.643152173913043
Brunei Darussalam,Bandar Seri Begawan,4.8833,114.9333,29.900843170320407,0.4620067453625633,74.11973018549747,16.2997892074199
Bulgaria,Bogot,43.3167,24.7,13.763116370808678,0.06840236686390533,58.256410256410255,19.081952662721893
Bulgaria,Bogot,43.32,24.7,29.91897810218978,0.13036496350364962,33.51094890510949,6.978175182481752
Bulgaria,Lom,43.81,23.24,26.202777777777776,0.23249999999999998,43.02777777777778,4.777777777777778
Bulgaria,Lom,43.8139,23.2361,8.460661764705883,0.08562499999999999,79.09191176470588,16.110202205882356
Bulgaria,Sofia,42.68,23.32,27.078832116788323,0.25299270072992697,40.386861313868614,7.268467153284671
Bulgaria,Sofia,42.6833,23.3167,10.431260504201681,0.07947899159663865,68.18151260504202,25.086890756302523
Burkina Faso,Ouagadougou,12.37,-1.52,32.00217391304348,0.16608695652173913,57.68840579710145,7.497717391304348
Burkina Faso,Ouagadougou,12.3703,-1.5247,26.961848739495796,0.022084033613445377,49.240336134453784,48.890462184873954
Burundi,Bujumbura,-3.38,29.36,28.123741007194244,0.07287769784172662,47.35251798561151,16.13370503597122
Burundi,Bujumbura,-3.3761,29.36,25.153781512605043,0.21719327731092436,66.27226890756303,27.470949579831935
Bélgica,Bern,51.1,4.75,17.4,0.12,63.0,1.8
Cambodia,Phnom Penh,11.55,104.9167,32.467790893760544,0.11581787521079259,55.691399662731875,31.63473018549747
Cambodia,Phnom Penh,11.55,104.92,29.338405797101448,0.2526086956521739,81.21739130434783,14.703115942028985
Cambodia,Phnum Penh,11.55,104.92,26.3,0.0,74.0,15.5
Cameroon,Bafoussam,5.47,10.42,22.677777777777777,0.6633333333333333,77.72222222222223,1.7666666666666666
Cameroon,Douala,4.05,9.7,27.6,0.9,80.0,3.6
Cameroon,Douala,4.0503,9.7,25.464835164835165,0.182014652014652,96.05860805860806,21.639871794871798
Cameroon,Ngaoundere,7.3167,13.5833,25.870496894409936,0.12180124223602484,50.27639751552795,34.27211180124224
Cameroon,Ngaoundere,7.32,13.58,23.889215686274508,0.5951960784313726,74.33333333333333,3.032303921568628
Cameroon,Yaounde,3.87,11.52,29.79375,0.31625,61.25,3.8000000000000003
Canada,Ottawa,45.4167,-75.7,2.004898648648649,0.12241554054054053,82.02195945945945,9.45612331081081
Canada,Ottawa,45.42,-75.7,17.272661870503597,0.2364028776978417,85.23741007194245,5.805215827338129
Cape Verde,Praia,14.93,-23.51,27.72158273381295,0.035035971223021586,66.55395683453237,10.911007194244606
Cape Verde,Praia,14.9315,-23.5125,22.998989898989898,0.00675084175084175,72.65656565656566,27.64388047138047
Central African Republic,Bangui,4.3667,18.5833,27.076767676767677,0.10626262626262625,73.87037037037037,32.536026936026936
Central African Republic,Bangui,4.37,18.58,31.11014492753623,0.18318840579710147,59.01449275362319,3.7453985507246377
Chad,N'djamena,12.11,15.05,33.22374100719425,0.17755395683453237,54.42446043165467,12.332446043165469
Chad,N'djamena,12.1131,15.0492,28.39798319327731,0.00826890756302521,36.64873949579832,55.170369747899166
Chile,Santiago,-33.45,-70.67,6.438848920863309,0.10496402877697841,80.62589928057554,478.1003597122302
Chile,Santiago,-33.45,-70.6667,12.320642978003384,0.03835871404399323,73.85786802030456,66.91032994923857
China,Beijing,39.9289,116.3883,16.32866779089376,0.03709949409780776,36.33726812816189,135.83530354131537
China,Beijing,39.93,116.39,25.246715328467154,0.16985401459854013,65.11678832116789,104.9029197080292
China,Beijing Shi,39.93,116.39,24.3,0.0,75.0,54.9
Colombia,Bogota,4.6,-74.08,13.5,0.02,80.0,13.6
Comoros,Moroni,-11.7042,43.2403,26.97205387205387,0.2853198653198653,72.9074074074074,9.454781144781146
Comoros,Moroni,-11.7,43.24,25.332846715328465,0.10481751824817517,73.4014598540146,4.992518248175183
Congo,Brazzaville,-4.26,15.28,30.81159420289855,0.004565217391304348,51.27536231884058,17.86300724637681
Congo,Brazzaville,-4.2592,15.2847,25.492242833052277,0.1684822934232715,79.94266441821247,26.788709949409782
Costa Rica,San Ignacio,9.8,-84.17,20.098347107438016,0.10057851239669421,87.6198347107438,15.36595041322314
Costa Rica,San Ignacio,9.8,-84.1667,19.096540880503145,0.1340880503144654,83.95597484276729,10.098207547169812
Costa Rica,San Jose,9.9333,-84.0833,19.044649446494468,0.058265682656826565,84.50553505535055,9.226143911439113
Costa Rica,San Juan,9.97,-84.08,23.75,0.19875,74.75,19.8
Cote d'Ivoire,Yamoussoukro,6.8167,-5.2833,23.011764705882353,0.03676470588235294,92.04779411764706,9.54454044117647
Croatia,Zagreb,45.8,16.0,13.887260273972604,0.10091780821917809,70.04383561643836,23.009027397260276
Cuba,Havana,23.13,-82.36,26.524460431654678,0.10129496402877698,87.36690647482014,9.389640287769785
Cuba,Havana,23.1319,-82.3642,21.7035593220339,0.015254237288135594,92.72881355932203,10.003822033898306
Cyprus,Nicosia,35.1667,33.3667,21.83613445378151,0.0359327731092437,55.04201680672269,14.253470588235295
Cyprus,Nicosia,35.17,33.37,33.960144927536234,0.0026086956521739132,37.04347826086956,11.62463768115942
Czech Republic,Prague,50.08,14.47,22.524264705882356,0.15058823529411766,56.13970588235294,6.850257352941177
Czech Republic,Prague,50.0833,14.4667,8.100504201680673,0.052369747899159665,75.79159663865546,20.25220168067227
Democratic Republic of Congo,Kinshasa,-4.3,15.3,26.401504787961695,0.13358413132694938,74.87414500683994,25.137079343365254
Denmark,Copenhagen,55.6667,12.5833,8.703030303030303,0.0708080808080808,79.45622895622895,12.083914141414143
Denmark,Copenhagen,55.67,12.58,19.145652173913042,0.15543478260869564,63.68840579710145,5.412934782608696
Djibouti,Djibouti,11.595,43.1481,30.157070707070705,0.013451178451178452,57.907407407407405,29.65173400673401
Djibouti,Djibouti,11.6,43.15,36.214598540145985,0.07430656934306569,47.98540145985402,22.62886861313869
Dominica,Roseau,15.3,-61.4,26.527434842249658,0.12991769547325105,77.73113854595336,10.647318244170096
Dominican Republic,Santo Domingo,18.4667,-69.9,23.179222972972973,0.1370608108108108,95.66554054054055,13.669451013513513
Dominican Republic,Santo Domingo,18.47,-69.9,26.909420289855074,0.09405797101449276,88.91304347826087,9.280434782608696
Ecuador,Quito,-0.22,-78.5,11.476258992805755,0.01366906474820144,69.05035971223022,19.950539568345324
Ecuador,Quito,-0.2167,-78.5,10.27113752122241,0.10825127334465195,87.28183361629881,8.706969439728352
Egypt,Cairo,30.05,31.25,25.27277701778386,0.0006155950752393981,43.470588235294116,34.313980848153214
El Salvador,San Salvador,13.7086,-89.2031,23.62597623089983,0.1803904923599321,84.8641765704584,21.32393039049236
El Salvador,San Salvador,13.71,-89.2,23.445985401459854,0.438029197080292,94.83211678832117,18.381313868613137
Equatorial Guinea,Malabo,3.75,8.78,27.219424460431654,0.5253237410071943,85.33812949640287,2.61589928057554
Equatorial Guinea,Malabo,3.75,8.7833,26.90235294117647,0.29494117647058826,87.57478991596639,14.651210084033613
Eritrea,Asmara,15.33,38.93,23.151079136690647,0.3234532374100719,44.23741007194245,14.67525179856115
Eritrea,Asmara,15.3333,38.9333,20.575966386554622,0.047142857142857146,44.91596638655462,20.692957983193278
Estonia,Tallinn,59.43,24.73,19.963768115942027,0.12572463768115943,60.65217391304348,5.903260869565218
Estonia,Tallinn,59.4339,24.7281,6.2829679595278245,0.0796964586846543,77.74704890387858,9.0293760539629
Estonie,Tallinn,59.43,24.73,23.3,0.0,61.0,17.6
Ethiopia,Addis Ababa,9.03,38.7,20.71323529411765,0.6929411764705882,59.44117647058823,18.544044117647058
Ethiopia,Addis Ababa,9.0333,38.7,19.338991596638657,0.12191596638655464,50.79831932773109,28.297596638655463
Ethiopia,Addis Abeba,9.03,38.7,19.8,0.34,59.0,7.1
Fiji Islands,Suva,-18.1333,178.4167,25.41159663865546,0.3595798319327731,89.3781512605042,6.109436974789916
Fiji Islands,Suva,-18.13,178.42,22.600719424460433,0.3418705035971223,90.02158273381295,4.345071942446044
Finland,Helsinki,60.1756,24.9342,5.825084175084175,0.0737037037037037,78.23063973063974,7.666910774410775
Finland,Helsinki,60.18,24.93,20.257553956834535,0.08532374100719424,59.33812949640288,5.833992805755395
France,Paris,48.8667,2.3333,11.018381112984823,0.09025295109612143,80.78077571669478,20.97423271500843
France,Paris,48.87,2.33,21.619424460431652,0.150431654676259,58.87769784172662,6.647050359712231
Gabon,Libreville,0.38,9.45,27.807971014492754,0.08565217391304349,73.97101449275362,9.989782608695652
Gabon,Libreville,0.3833,9.45,26.543939393939393,0.21722222222222223,85.6986531986532,15.204730639730641
Gambia,Banjul,13.45,-16.58,29.5,0.17306569343065695,70.69343065693431,11.931313868613138
Gambia,Banjul,13.4531,-16.5775,23.62731871838111,0.11342327150084318,69.95278246205734,36.872546374367616
Georgia,Tbilisi,41.725,44.7908,14.540134907251263,0.05320404721753794,58.67284991568297,15.337723440134909
Georgia,Tbilisi,41.73,44.79,27.672262773722625,0.06262773722627737,44.35036496350365,10.496642335766422
Germany,Berlin,52.5167,13.4,8.92121212121212,0.0637037037037037,76.35185185185185,17.738030303030303
Germany,Berlin,52.52,13.4,23.151079136690647,0.07589928057553957,51.33812949640288,6.235503597122302
Ghana,Accra,5.55,-0.22,28.015107913669063,0.08877697841726619,74.5179856115108,6.606438848920863
Ghana,Accra,5.55,-0.2167,27.152436974789918,0.0786890756302521,84.1983193277311,19.681487394957983
Greece,Athens,37.9795,23.7162,19.186655405405407,0.047263513513513516,54.847972972972975,19.59835304054054
Greece,Athens,37.98,23.72,32.012408759124085,0.01927007299270073,31.773722627737225,11.362080291970804
Grenada,Saint George's,12.05,-61.75,27.071291208791212,0.14840659340659343,82.50274725274726,11.908332417582416
Guatemala,Guatemala City,14.62,-90.53,18.412408759124087,0.1345985401459854,91.84671532846716,57.05740875912409
Guatemala,Guatemala City,14.6211,-90.5269,16.93904923599321,0.06784380305602716,89.17657045840407,24.752419354838707
Guinea,Conakry,9.5092,-13.7122,25.811804384485665,0.26893760539629,83.45193929173693,32.22037099494098
Guinea,Conakry,9.51,-13.71,27.354676258992807,0.791294964028777,83.38129496402878,3.604676258992806
Guinea-Bissau,Bissau,11.85,-15.5833,24.16795952782462,0.19829679595278246,72.84317032040472,41.63197301854974
Guinea-Bissau,Bissau,11.85,-15.58,29.800719424460432,0.5428057553956834,71.66906474820144,6.235359712230216
Guyana,Georgetown,6.8,-58.17,26.942446043165468,0.4959712230215827,87.0,5.913776978417266
Guyana,Georgetown,6.8,-58.1667,24.029661016949152,0.43910169491525425,96.63050847457627,12.053110169491525
Haiti,Port-Au-Prince,18.5392,-72.335,19.78494077834179,0.020219966159052454,89.35532994923858,36.20264805414551
Haiti,Port-Au-Prince,18.54,-72.34,27.946762589928056,0.04086330935251798,75.0,12.280755395683453
Honduras,Tegucigalpa,14.1,-87.22,20.694927536231884,0.12463768115942028,89.2463768115942,6.62
Honduras,Tegucigalpa,14.1,-87.2167,18.941186440677964,0.057322033898305084,85.92203389830509,12.636542372881356
Hungary,Bogot,47.25,16.8333,7.3816091954023,0.04172413793103448,76.96551724137932,14.116436781609197
Hungary,Budapest,47.5,19.08,27.07769784172662,0.09151079136690649,44.74820143884892,7.0647482014388485
Hungary,Budapest,47.5,19.0833,10.704713804713805,0.047390572390572386,68.55723905723906,22.57561447811448
Iceland,Grindavik,63.83,-22.43,8.894444444444444,0.14722222222222223,74.83333333333333,0.9249999999999999
Iceland,Reykjavik,64.15,-21.95,3.4944649446494465,0.15033210332103322,74.78228782287823,3.5338376383763834
Iceland,Vestmannaeyjar,63.365,-20.2075,5.542857142857143,0.19795031055900622,81.77639751552795,5.06482298136646
Iceland,Vestmannaeyjar,63.37,-20.21,9.2,0.17362745098039217,86.62745098039215,2.2202549019607845
Inde,New Delhi,28.6,77.2,31.2,0.0,71.0,34.6
India,New Delhi,28.6,77.2,30.00109439124487,0.056456908344733235,44.66347469220246,110.34614911080712
Indonesia,Bali,-0.14,98.19,29.3,0.0,70.0,7.7
Indonesia,Jakarta,-6.2146,106.8451,30.556397306397308,0.3070707070707071,69.63468013468014,127.1557239057239
Indonesia,Jakarta,-6.21,106.85,28.771942446043166,0.2815107913669065,72.02158273381295,211.43902877697843
Indonesia,Laos,-8.1826,114.3188,27.482828282828283,0.8001851851851852,76.50841750841751,25.882121212121213
Indonesia,Laos,-8.18,114.32,21.832608695652176,0.07637681159420291,88.83333333333333,17.584384057971015
Indonesia,Surabaya,-7.25,112.75,27.7,0.0,74.0,13.6
Iran,Chi Chi Khvar,36.26,46.59,28.57153284671533,0.001094890510948905,19.474452554744527,14.04670802919708
Iran,Chi Chi Khvar,36.2625,46.59,13.554068716094031,0.053037974683544306,37.65641952983725,23.010949367088607
Iran,Tehran,35.7261,51.3304,18.97824620573356,0.022900505902192243,28.249578414839796,62.41807757166947
Iran,Tehran,35.73,51.33,33.04028776978418,0.014460431654676257,17.179856115107913,23.527949640287773
Iraq,Baghdad,33.3386,44.3939,25.159327731092436,0.023495798319327733,35.089075630252104,39.75826890756302
Iraq,Baghdad,33.34,44.39,42.65611510791367,0.0,12.856115107913668,22.41636690647482
Ireland,Dublin,53.33,-6.25,16.473913043478262,0.11971014492753623,69.6086956521739,4.142028985507246
Ireland,Dublin,53.3331,-6.2489,9.423946037099494,0.13777403035413155,84.43338954468803,10.629392917369309
Israel,Jerusalem,31.78,35.23,23.19289617486339,0.013743169398907105,50.221311475409834,20.746714480874317
Italy,Rome,41.9,12.48,29.937681159420286,0.03355072463768116,42.891304347826086,8.327391304347827
Italy,Rome,41.9,12.4833,15.624033613445377,0.08690756302521009,73.63529411764706,18.843025210084033
Jamaica,Kingston,18.0,-76.8,26.214233576642336,0.12233576642335768,77.10583941605839,10.868576642335766
Jamaica,Norman Gardens,17.97,-76.75,30.33055555555556,0.11861111111111113,69.5,10.491666666666667
Jamaica,Port Royal,17.93,-76.85,28.658823529411762,0.0022549019607843138,77.56862745098039,11.390833333333333
Jamaica,Port Royal,17.9333,-76.85,26.298427672955974,0.2610377358490566,79.36477987421384,14.074544025157232
Japan,Tokyo,35.6895,139.6917,18.228235294117646,0.13005042016806723,55.98655462184874,44.34455462184874
Japan,Tokyo,35.69,139.69,25.876258992805756,0.14424460431654676,77.89928057553956,25.807625899280577
Jemen,Sanaa,15.35,44.21,26.1,0.2,34.0,25.0
Jordan,Amman,31.95,35.93,31.56762589928057,0.00043165467625899277,29.179856115107913,15.757194244604317
Jordan,Amman,31.95,35.9333,18.968067226890756,0.01957983193277311,45.142857142857146,23.81416806722689
Kazakhstan,Astana,51.18,71.43,20.610869565217392,0.11536231884057971,52.007246376811594,3.8711956521739133
Kazakhstan,Astana,51.1811,71.4278,5.566329966329967,0.048552188552188555,63.23737373737374,13.752920875420875
Kenya,Mombasa,-4.05,39.67,26.8,0.0,65.0,4.7
Kenya,Nairobi,-1.2833,36.8167,21.176262626262627,0.08301346801346801,62.01851851851852,20.966237373737375
Kenya,Nairobi,-1.28,36.82,23.138129496402875,0.20568345323741008,50.63309352517986,19.074712230215827
Kiribati,Tarawa,-0.8833,169.5333,27.868067226890755,0.08709243697478991,75.50588235294117,10.947991596638657
Kiribati,Tarawa,-0.88,169.53,28.656934306569344,0.0648175182481752,72.24087591240875,4.142335766423358
Komoren,Moroni,-12.35,43.85,25.2,0.0,71.0,2.6
Kosovo,Pristina,42.67,21.17,29.3,0.27,42.0,6.3
Kuwait,Kuwait,29.37,47.98,44.4,0.0,16.0,176.7
Kuwait,Kuwait City,29.3667,47.96,27.978246205733555,0.011703204047217539,31.077571669477233,100.38453625632377
Kuwait,Kuwait City,29.37,47.96,42.26521739130435,0.0,17.514492753623188,51.290942028985505
Kyrghyzstan,Bishkek,42.87,74.6,24.815942028985507,0.26384057971014496,38.666666666666664,7.327210144927536
Kyrghyzstan,Bishkek,42.8731,74.6003,15.08787878787879,0.06282828282828283,46.83838383838384,23.019183501683504
Lao People's Democratic Republic,Vientiane,17.97,102.6,25.0,1.97,95.0,16.0
Latvia,Riga,56.95,24.1,9.575102599179207,0.08354309165526676,74.83036935704514,13.490082079343365
Lebanon,Beirut,33.87,35.51,28.968115942028984,0.0014492753623188406,63.45652173913044,18.106159420289856
Lebanon,Beirut,33.8719,35.5097,21.63282828282828,0.07552188552188552,58.9040404040404,31.63861111111111
Lesotho,Maseru,-29.32,27.48,18.159420289855074,0.009855072463768117,26.608695652173914,11.931123188405797
Lesotho,Maseru,-29.3167,27.4833,19.283305227655987,0.07456998313659359,49.785834738617204,22.63862563237774
Letonia,Riga,56.95,24.1,20.6,1.83,94.0,2.5
Liberia,Monrovia,6.31,-10.8,27.134057971014492,0.7029710144927537,82.1304347826087,3.3029347826086957
Liberia,Monrovia,6.3106,-10.8047,25.594612794612797,0.24223905723905723,89.65656565656566,22.266767676767678
Libya,Tripoli,32.89,13.18,27.0,0.0,74.0,38.8
Liechtenstein,Vaduz,47.13,9.52,20.131159420289855,0.2813768115942029,64.6231884057971,3.4316666666666666
Liechtenstein,Vaduz,47.1333,9.5167,7.479629629629629,0.16227272727272726,85.35185185185185,8.57276936026936
Lithuania,Vilnius,54.68,25.32,22.292028985507248,0.23543478260869566,55.11594202898551,4.672101449275362
Lithuania,Vilnius,54.6833,25.3167,6.28063973063973,0.09281144781144782,78.05555555555556,13.424999999999999
Luxembourg,Luxembourg,49.61,6.13,19.43868613138686,0.17058394160583942,66.75912408759125,5.340620437956204
Luxembourg,Luxembourg,49.6117,6.13,8.535690235690236,0.07016835016835017,82.28282828282828,16.344074074074072
Macedonia,Skopje,42.0,21.43,31.28102189781022,0.05992700729927008,36.63503649635037,9.512773722627736
Macedonia,Skopje,42.0,21.4333,12.972927241962775,0.05648054145516075,66.69543147208122,27.418587140439932
Madagascar,Antananarivo,-18.92,47.52,22.63884892086331,0.011510791366906475,44.82014388489208,5.7547841726618705
Madagascar,Antananarivo,-18.9167,47.5167,24.043771043771045,0.08666666666666666,56.26094276094276,7.3483754208754215
Madagascar,Ivory,-24.37,46.45,26.514598540145986,0.018102189781021898,36.22627737226277,3.1587518248175184
Madagascar,Ivory,-24.3667,46.45,29.496884735202492,0.052772585669781935,41.16822429906542,7.0190498442367595
Malawi,Lilongwe,-13.9833,33.7833,23.555218855218854,0.13301346801346803,61.976430976430976,10.293232323232324
Malawi,Lilongwe,-13.98,33.78,25.677697841726616,0.0020863309352517983,31.762589928057555,7.847446043165468
Malaysia,Kuala Lumpur,3.1667,101.7,31.004721753794264,0.6156155143338955,66.79932546374367,53.579097807757165
Malaysia,Kuala Lumpur,3.17,101.7,28.399280575539567,0.4562589928057554,78.62589928057554,85.59248201438848
Maldives,Dhidhdhoo,6.88,73.1,28.15247524752475,0.3312871287128713,78.20792079207921,3.5655742574257423
Maldives,Dhidhdhoo,6.8833,73.1,27.856060606060606,0.18801346801346802,73.88720538720538,15.227865319865321
Maldives,Felidhoo,3.48,73.53,28.79705882352941,0.3297058823529412,78.94117647058823,1.8911764705882352
Maldives,Male,4.17,73.5,28.8,0.02,81.0,1.5
Mali,Bamako,12.65,-8.0,26.57937158469945,0.07337431693989072,55.39071038251366,29.576079234972674
Malta,Valletta,35.8997,14.5147,19.90016806722689,0.06163025210084034,71.71428571428571,12.394655462184874
Malta,Valletta,35.9,14.51,29.146043165467628,0.006546762589928057,55.985611510791365,28.642553956834533
Malásia,Ivory Ivory Ban,4.63,118.37,24.3,1.55,93.0,1.8
Marrocos,Morocco City,31.63,-8.0,40.3,0.0,14.0,8.2
Marshall Islands,Majuro,7.1,171.38,28.401438848920865,0.4176978417266187,80.26618705035972,1.999043165467626
Marshall Islands,Majuro,7.1,171.3833,28.17020202020202,0.29867003367003364,81.44781144781145,7.060698653198654
Mauritania,Nouakchott,18.0864,-15.9753,22.42900505902192,0.0062225969645868465,54.598650927487355,74.85100337268128
Mauritania,Nouakchott,18.09,-15.98,27.257553956834535,0.009424460431654676,63.611510791366904,35.97543165467626
Mauritius,Port Louis,-20.1619,57.4989,27.58532883642496,0.09704890387858348,69.08094435075886,8.96164418212479
Mauritius,Port Louis,-20.16,57.5,23.502877697841726,0.045395683453237405,67.32374100719424,5.078309352517985
Mexico,Mexico City,19.4285,-99.1277,14.27,0.018966101694915253,65.94745762711864,49.47905084745763
Mexico,Mexico City,19.43,-99.13,16.18550724637681,0.15891304347826088,76.85507246376811,28.76891304347826
Mexique,Mexico (Grupo Mexico),27.42,-109.93,27.4,0.0,72.0,10.3
Micronesia,Palikir,6.9167,158.15,28.43423271500843,0.33109612141652617,82.17200674536257,7.042537942664419
Micronesia,Palikir,6.92,158.15,27.097101449275364,0.5176811594202898,87.5,2.143086956521739
Monaco,Monaco,43.73,7.42,25.074452554744525,0.10291970802919707,66.8905109489051,6.793321167883211
Monaco,Monaco,43.7333,7.4167,15.918887015177065,0.0987858347386172,63.249578414839796,9.795219224283304
Mongolia,Ulaanbaatar,47.9167,106.9167,1.164983164983165,0.016666666666666666,48.86700336700337,25.944983164983164
Mongolia,Ulaanbaatar,47.92,106.92,15.75072463768116,0.1213768115942029,59.65217391304348,7.1255434782608695
Montenegro,Podgorica,42.44,19.26,30.23913043478261,0.11405797101449275,42.89855072463768,7.805326086956522
Montenegro,Podgorica,42.4411,19.2636,15.641821247892075,0.20983136593591906,63.34064080944351,16.647951096121417
Morocco,Rabat,34.0253,-6.8361,16.990235690235693,0.06668350168350168,83.67508417508418,15.703501683501683
Morocco,Rabat,34.03,-6.84,24.674452554744526,0.001313868613138686,66.16058394160584,11.093905109489052
Mozambique,Maputo,-25.97,32.59,25.89064748201439,0.019280575539568346,49.330935251798564,13.05521582733813
Mozambique,Maputo,-25.9653,32.5892,25.54006734006734,0.06900673400673402,68.03367003367003,10.663484848484847
Myanmar,Pathein,16.78,94.73,28.80625,0.7693749999999999,79.3125,2.475
Myanmar,Rangoon,16.78,96.17,27.299999999999997,0.390952380952381,91.52380952380952,7.214285714285714
Myanmar,Rangoon,16.7833,96.1667,31.966176470588234,0.21908088235294115,63.70955882352941,29.80889705882353
Myanmar,Yangon,16.78,96.17,27.5656862745098,0.7401960784313726,89.72549019607843,9.956176470588234
Myanmar,Yangon,16.7833,96.1667,31.458385093167703,0.4279192546583851,67.4968944099379,35.72683229813665
Namibia,Windhoek,-22.5717,17.0822,21.462184873949578,0.03231932773109244,45.04201680672269,6.475747899159664
Namibia,Windhoek,-22.57,17.08,23.81449275362319,0.0,13.818840579710145,7.099311594202899
Nepal,Kathmandu,27.7167,85.3167,22.59175084175084,0.3763299663299663,52.7996632996633,51.6100505050505
Nepal,Kathmandu,27.72,85.32,24.56086956521739,0.7589855072463768,78.83333333333333,21.907789855072465
Netherlands,Amsterdam,52.37,4.89,19.79492753623188,0.1789855072463768,66.52173913043478,7.516449275362318
Netherlands,Amsterdam,52.374,4.8897,10.389915966386555,0.07910924369747899,79.94957983193277,19.415932773109244
New Zealand,Wellington,-41.3,174.78,10.775539568345323,0.2559712230215827,80.84172661870504,2.9135971223021584
New Zealand,Wellington,-41.3,174.7833,14.811129848229342,0.14080944350758853,77.71838111298483,7.465202360876897
Nicaragua,Managua,12.15,-86.27,25.47173913043478,0.25246376811594207,90.18115942028986,8.482246376811593
Nicaragua,Managua,12.1508,-86.2683,24.12156196943973,0.08507640067911715,82.46689303904924,8.704634974533107
Niger,Niamey,13.5167,2.1167,30.103726708074532,0.0004658385093167702,37.409937888198755,42.76947204968944
Niger,Niamey,13.52,2.12,33.7536231884058,0.09021739130434783,47.91304347826087,9.973478260869564
Niger,Niamey,13.6667,1.7833,25.311721611721612,0.0163003663003663,39.49084249084249,23.52415750915751
Nigeria,Abuja,9.1758,7.1808,26.84882154882155,0.059444444444444446,65.79629629629629,60.17224747474748
Nigeria,Abuja,9.18,7.18,28.558273381294963,0.3272661870503597,73.28057553956835,8.091726618705035
North Korea,Pyongyang,39.0194,125.7547,12.160033726812815,0.07629005059021923,53.342327150084316,36.1012563237774
North Korea,Pyongyang,39.02,125.75,21.890579710144927,0.1294927536231884,78.97101449275362,31.973514492753626
Norway,Oslo,59.9167,10.75,6.130016863406408,0.0981787521079258,77.74198988195616,11.403996627318717
Norway,Oslo,59.92,10.75,15.02463768115942,0.13065217391304348,70.98550724637681,4.551050724637681
Oman,Muscat,23.61,58.59,34.59424460431655,0.002589928057553957,55.381294964028775,37.438985611510795
Oman,Muscat,23.6133,58.5933,30.85757575757576,0.004646464646464646,49.98148148148148,35.271144781144784
Pakistan,Islamabad,33.7,73.1667,26.82984822934233,0.09964586846543003,30.050590219224283,52.323693086003374
Pakistan,Islamabad,33.7,73.17,34.17101449275363,0.05144927536231884,38.35507246376812,44.68565217391304
Palau,Adkip,7.36,134.51,26.505000000000003,0.176,89.65,0.52
Palau,Airai,7.3575,134.5578,28.180434782608696,0.3883229813664596,82.42857142857143,7.168462732919254
Palau,Airai,7.36,134.56,27.291836734693877,0.6008163265306122,86.87755102040816,6.770183673469387
Palau,Koror,7.33,134.48,27.373584905660376,0.6043396226415094,81.52830188679245,0.5924528301886792
Palau,Koror,7.3333,134.4833,29.272058823529413,0.3819485294117647,77.27941176470588,5.028492647058823
Palau,Meyungs,7.35,134.45,27.0,0.25125000000000003,89.4375,0.99375
Panama,Panama City,8.9667,-79.5333,25.228934010152283,0.13895093062605754,89.8730964467005,7.733510998307953
Panama,Panama City,8.97,-79.53,26.479136690647483,0.3239568345323741,90.18705035971223,8.067158273381295
Papua New Guinea,Port Moresby,-9.4647,147.1925,27.26705882352941,0.5860672268907563,81.81848739495798,8.508151260504203
Papua New Guinea,Port Moresby,-9.46,147.19,25.318115942028985,0.0746376811594203,85.6376811594203,5.704565217391305
Paraguay,Aguaray,-19.85,-58.5167,23.299999999999997,0.12106741573033708,68.32022471910112,10.142522471910112
Paraguay,Asuncion,-25.27,-57.67,13.7,0.0,77.0,3.4
Paraguay,Aurora,-23.4333,-61.3333,19.991277258566978,0.12096573208722741,71.33333333333333,9.765551401869159
Paraguay,Aurora,-23.43,-61.33,18.86764705882353,0.009313725490196078,51.0,28.34505882352941
Paraguay,Carreria,-21.55,-58.12,29.518181818181816,0.0,35.0,16.827272727272728
Paraguay,Carreria,-21.55,-58.1167,24.24285714285714,0.17928571428571427,69.35714285714286,5.392857142857143
Paraguay,Garrapata,-19.7,-58.7167,21.228571428571428,0.09814285714285714,72.64285714285714,7.656257142857143
Paraguay,Pasto,-19.45,-61.15,22.348000000000003,0.0016,49.96,6.207999999999999
Paraguay,Sartorio,-21.9833,-58.4333,24.09,0.028000000000000004,78.2,8.148
Peru,Lima,-12.05,-77.05,18.056456043956043,0.00407967032967033,83.79258241758242,22.62552197802198
Philippines,Kiyabo,14.6,120.98,30.3,0.12,75.0,28.5
Philippines,Manila,14.6,120.98,28.8985401459854,0.629051094890511,82.54014598540147,36.23868613138686
Philippines,Manila,14.6042,120.9822,30.70286195286195,0.2772053872053872,67.6919191919192,25.95175925925926
Poland,Warsaw,52.25,21.0,11.405040871934604,0.05426430517711171,69.67029972752043,25.18300408719346
Polônia,Moldova,53.33,21.62,27.7,0.0,52.0,2.5
Portugal,Lisbon,38.7167,-9.1333,15.007226890756302,0.1262689075630252,82.58991596638656,18.60841176470588
Portugal,Lisbon,38.72,-9.13,24.695620437956205,0.011167883211678832,54.8978102189781,7.651824817518248
Qatar,Doha,25.2867,51.5333,30.52820945945946,0.0011993243243243242,41.96621621621622,58.16875844594595
Qatar,Doha,25.29,51.53,38.916546762589924,0.0,38.26618705035971,50.11320143884892
Romania,Bucharest,44.43,26.1,29.706521739130434,0.025869565217391303,35.84782608695652,7.958731884057971
Romania,Bucharest,44.4333,26.1,11.94300168634064,0.05596964586846542,68.84485666104553,30.356694772344014
Russia,Chi-Chi-Erh,51.7,94.45,-12.490243902439024,0.015609756097560976,76.1951219512195,9.347560975609756
Russia,Lom,59.13,44.3,22.474999999999998,0.06916666666666667,56.333333333333336,1.5666666666666667
Russia,Moscow,55.75,37.62,23.448920863309354,0.09510791366906475,46.49640287769784,10.960647482014389
Russia,Moscow,55.7522,37.6156,6.109259259259259,0.08193602693602695,74.74074074074075,50.19035353535354
Russia,Saint Petersburg,59.89,30.26,22.9,0.0,44.0,0.9
Rwanda,Kigali,-1.9536,30.0606,22.643697478991598,0.21378151260504202,67.26386554621848,30.092495798319327
Rwanda,Kigali,-1.95,30.06,27.61231884057971,0.04840579710144927,36.72463768115942,13.715507246376811
Saint Kitts and Nevis,Basseterre,17.3,-62.72,29.04820143884892,0.12705035971223022,77.11510791366906,3.4182158273381296
Saint Kitts and Nevis,Basseterre,17.3,-62.7167,26.01266891891892,0.13697635135135136,80.30574324324324,10.135569256756757
Saint Lucia,Castries,14.0,-61.0,27.021448087431693,0.14415300546448087,80.3292349726776,11.323525956284152
Saint Vincent and the Grenadines,Kingstown,13.13,-61.22,29.018115942028984,0.1968840579710145,75.8840579710145,3.6601231884057968
Saint Vincent and the Grenadines,Kingstown,13.1333,-61.2167,26.83868243243243,0.12266891891891893,77.47297297297297,12.835454391891892
Saint-Vincent-et-les-Grenadines,Kingstown,13.13,-61.22,27.8,0.13,82.0,1.8
Samoa,Apia,-13.8333,-171.7333,26.30577249575552,0.34407470288624786,86.30220713073005,5.925753820033956
Samoa,Apia,-13.83,-171.73,25.052173913043475,0.18644927536231884,88.8840579710145,3.974731884057971
San Marino,City Of San Marino,43.93,12.45,31.3,0.0,55.0,14.3
San Marino,San Marino,43.93,12.45,26.202962962962964,0.12533333333333335,60.82222222222222,10.591096296296296
San Marino,San Marino,43.9333,12.45,14.348235294117648,0.11784873949579833,72.87899159663866,16.998317647058823
Saudi Arabia,Riyadh,24.64,46.77,42.17826086956522,0.0,7.434782608695652,31.96105072463768
Saudi Arabia,Riyadh,24.6408,46.7728,27.7473063973064,0.0032323232323232323,21.92929292929293,161.45852693602694
Saudi Arabien,Ar Riyadh,24.64,46.77,45.0,0.0,7.0,22.3
Senegal,Dakar,14.67,-17.44,28.00935251798561,0.07553956834532374,75.7410071942446,14.945863309352518
Senegal,Dakar,14.6708,-17.4381,23.449411764705882,0.024739495798319328,77.90252100840335,39.113378151260505
Serbia,Belgrade,44.8,20.47,28.821739130434782,0.14420289855072466,41.23913043478261,8.772210144927536
Serbia,Belgrade,44.804,20.4651,11.93142857142857,0.09030252100840336,69.22521008403362,29.42648739495798
Seychelles Islands,Victoria,-4.62,55.45,27.877536231884058,0.12594202898550724,78.71739130434783,6.588333333333333
Seychelles Islands,Victoria,-4.6167,55.45,29.152951096121416,0.12531197301854974,73.66779089376054,9.004561551433389
Sierra Leone,Freetown,8.49,-13.2342,25.638111298482293,0.3311298482293423,81.43676222596964,29.496576728499157
Sierra Leone,Freetown,8.49,-13.23,27.1021897810219,1.0027737226277371,81.94160583941606,3.486094890510949
Singapore,Singapore,1.29,103.86,28.87769784172662,0.19532374100719424,74.68345323741008,20.240539568345323
Singapore,Singapore,1.2931,103.8558,30.163973063973067,0.41713804713804714,67.63299663299664,21.462895622895623
Slovakia,Bratislava,48.15,17.1167,10.165714285714285,0.043495798319327726,71.31764705882352,20.441932773109244
Slovakia,Bratislava,48.15,17.12,25.55144927536232,0.1694927536231884,50.15217391304348,6.109855072463768
Slovenia,Ljubljana,46.0553,14.5144,9.965824915824916,0.13968013468013468,78.42760942760943,27.560959595959595
Slovenia,Ljubljana,46.06,14.51,24.837410071942447,0.4142446043165468,55.381294964028775,5.918057553956834
Solomon Islands,Honiara,-9.4333,159.95,27.780134680134683,0.48863636363636365,84.52188552188552,3.0830218855218856
Solomon Islands,Honiara,-9.43,159.95,25.551079136690646,0.18323741007194247,88.30935251798562,1.933589928057554
Somalia,Mogadishu,2.0667,45.3667,28.969983136593594,0.029763912310286675,75.00674536256324,13.30795952782462
Somalia,Mogadishu,2.07,45.37,28.35,0.02746376811594203,75.48550724637681,4.976884057971014
South Africa,Pretoria,-25.75,28.19,21.86906474820144,0.014316546762589928,23.712230215827336,29.62798561151079
South Africa,Pretoria,-25.7469,28.188,20.40942760942761,0.0745959595959596,58.052188552188554,36.73516835016835
South Korea,Seoul,37.5664,126.9997,14.50860033726813,0.06741989881956155,56.12141652613828,50.26452782462058
South Korea,Seoul,37.57,127.0,24.105797101449276,0.21891304347826088,80.05797101449275,35.68536231884058
Spain,Madrid,40.4,-3.6833,12.570084033613446,0.058857142857142865,69.97983193277311,18.150546218487396
Spain,Madrid,40.4,-3.68,28.178985507246374,0.011521739130434782,32.32608695652174,4.993043478260869
Sri Lanka,Colombo,6.93,79.85,29.026086956521738,0.6164492753623189,80.14492753623189,6.855579710144927
Sri Lanka,Colombo,6.9319,79.8478,30.537142857142854,0.39189915966386557,71.05546218487395,30.242823529411766
Sudan,Juba,12.15,24.45,28.34350205198358,0.014008207934336525,28.406292749658004,46.62008207934336
Sudan,Khartoum,15.5881,32.5342,30.011298482293423,0.01745362563237774,23.39797639123103,49.36261382799325
Sudan,Khartoum,15.59,32.53,36.82028985507246,0.021159420289855072,30.08695652173913,22.306811594202898
Suriname,Paramaribo,5.83,-55.17,27.041304347826085,0.20782608695652174,82.1376811594203,4.0439855072463775
Suriname,Paramaribo,5.8333,-55.1667,23.74054054054054,0.16868243243243244,95.92905405405405,10.388530405405406
Swaziland,Mbabane,-26.32,31.13,22.718115942028984,0.009565217391304347,35.22463768115942,20.380108695652172
Swaziland,Mbabane,-26.3167,31.1333,21.216694772344013,0.06693086003372681,66.00505902192243,17.810876897133223
Sweden,Stockholm,59.33,18.05,20.267391304347825,0.0736231884057971,54.630434782608695,3.857173913043478
Sweden,Stockholm,59.3333,18.05,7.0956228956228955,0.06658249158249158,78.20202020202021,7.552281144781145
Switzerland,Bern,46.9167,7.4667,8.232773109243697,0.1286386554621849,82.54621848739495,14.38344537815126
Switzerland,Bern,46.92,7.47,21.720289855072465,0.271231884057971,61.0,4.6794927536231885
Switzerland,S-Chanf,46.6167,9.9833,0.18749999999999997,0.13416666666666668,87.9375,4.6845625
Syria,Damascus,33.5,36.3,21.456147540983608,0.0242896174863388,41.57786885245902,23.578572404371585
Südkorea,Seoul,37.57,127.0,26.1,0.22,84.0,70.2
Tajikistan,Dushanbe,38.56,68.77,30.960869565217394,0.029492753623188407,26.934782608695652,9.851847826086956
Tajikistan,Dushanbe,38.56,68.7739,20.315008431703202,0.07384485666104552,41.07757166947724,19.86838954468803
Tanzania,Dodoma,-6.1833,35.75,24.577065767284992,0.0960876897133221,58.68296795952782,9.944881956155143
Tanzania,Dodoma,-6.18,35.75,27.867625899280576,0.0,33.798561151079134,5.130107913669065
Thailand,Bangkok,13.75,100.5167,32.332436974789914,0.0949579831932773,53.06890756302521,34.819327731092436
Thailand,Bangkok,13.75,100.52,29.823357664233576,0.22708029197080293,72.91240875912409,28.773759124087594
Thailand,Nan,18.78,100.78,27.673188405797102,0.5669565217391304,86.1159420289855,6.895898550724638
Thailand,Nan,18.7833,100.7833,31.09697986577181,0.23815436241610738,54.99496644295302,27.777449664429533
Timor-Leste,Dili,-8.56,125.57,24.552554744525548,0.049635036496350364,75.7080291970803,3.2244890510948903
Timor-Leste,Dili,-8.5586,125.5736,26.877908937605397,0.48355817875210794,75.56155143338954,8.32266441821248
Togo,Lome,6.13,1.22,27.9,0.16,74.0,7.9
Tonga,Nuku'alofa,-21.13,-175.2,23.7,0.01,68.0,1.4
Tonga,Nuku`Aloia,-21.1333,-175.2,24.55304054054054,0.21873310810810812,88.2804054054054,9.104831081081082
Tonga,Nuku`Aloia,-21.13,-175.2,21.931884057971015,0.08108695652173913,84.21014492753623,5.068115942028985
Trinidad and Tobago,Port Of Spain,10.65,-61.52,27.92230215827338,0.30633093525179855,83.20143884892086,3.789424460431655
Trinidad and Tobago,Port Of Spain,10.65,-61.5167,24.573942470389174,0.1834348561759729,89.72758037225043,11.082082910321489
Tunisia,Tunis,36.8,10.18,31.67391304347826,0.014855072463768115,41.35507246376812,13.386123188405797
Tunisia,Tunis,36.8028,10.1797,19.13035413153457,0.02617200674536256,72.05733558178753,18.82024451939292
Turkey,Ankara,39.9272,32.8644,12.426981450252951,0.04927487352445194,60.17032040472176,29.891913996627316
Turkey,Ankara,39.93,32.86,28.560144927536232,0.0577536231884058,31.753623188405797,9.448586956521739
Turkey,Yaren,39.55,27.6167,14.576262626262626,0.0875925925925926,70.74747474747475,24.996170033670033
Turkey,Yaren,39.55,27.62,31.05109489051095,0.04759124087591241,36.53284671532847,12.804963503649635
Turkmenistan,Ashgabat,37.95,58.38,33.53260869565217,0.025217391304347827,22.746376811594203,12.221992753623189
Turkmenistan,Ashgabat,37.95,58.3833,19.834511784511786,0.023451178451178452,44.98821548821549,21.185025252525254
Turkménistan,Krasnyy Turkmenistan,37.7,65.37,37.8,0.0,11.0,6.7
Tuvalu,Funafuti,-8.52,179.22,28.512230215827337,0.46928057553956837,83.96402877697842,3.0890719424460436
Tuvalu,Funafuti,-8.5167,179.2167,28.878451178451176,0.3257239057239057,80.91077441077441,6.658021885521885
USA United States of America,Grenada,33.78,-89.81,28.2,0.0,73.0,6.1
USA United States of America,Moroni,39.53,-111.59,18.2,0.0,43.0,4.8
USA United States of America,Palau,7.5,134.57,27.2,1.59,82.0,0.5
Uganda,Kampala,0.3156,32.5656,24.805378151260506,0.19018487394957984,69.24201680672269,36.24079831932773
Uganda,Kampala,0.32,32.57,26.59927536231884,0.034057971014492754,54.78260869565217,11.234492753623188
Ukraine,Kyiv,50.43,30.52,26.39064748201439,0.06633093525179856,38.15827338129496,6.779280575539568
Ukraine,Kyiv,50.4333,30.5167,8.621848739495798,0.05136134453781513,65.78319327731093,17.80963025210084
United Arab Emirates,Abu Dhabi,24.4667,54.3667,30.84006734006734,0.0004713804713804714,43.57912457912458,57.81920033670034
United Arab Emirates,Abu Dhabi,24.47,54.37,37.60071942446043,0.0,45.94964028776978,53.01043165467626
United Kingdom,London,51.5171,-0.1062,10.285858585858586,0.08080808080808081,82.73400673400674,17.11029461279461
United Kingdom,London,51.52,-0.11,19.597080291970805,0.0737956204379562,60.90510948905109,5.4121167883211685
United States of America,New York,40.71,-74.01,26.1,0.0,40.0,1.1
United States of America,Washington Harbor,48.0792,-123.0439,8.072278911564625,0.053299319727891155,88.92687074829932,6.4992261904761905
United States of America,Washington Harbor,48.08,-123.04,11.099166666666667,0.03741666666666667,92.59166666666667,4.6749583333333335
United States of America,Washington Park,46.6,-120.49,10.41875,0.0,60.4375,1.775
Uruguay,Montevideo,-34.86,-56.17,11.139568345323742,0.06294964028776978,82.94964028776978,13.938309352517985
Uruguay,Montevideo,-34.8581,-56.1708,15.31045531197302,0.10237774030354131,87.86509274873525,11.068111298482293
Uzbekistan,Tashkent,41.3167,69.25,19.49378151260504,0.06332773109243697,39.03865546218488,26.878798319327732
Uzbekistan,Tashkent,41.32,69.25,32.11798561151079,0.001366906474820144,21.453237410071942,10.582805755395684
Vanuatu,Port Vila,-17.7333,168.3167,25.869243697478993,0.2770420168067227,85.64033613445378,9.197378151260503
Vanuatu,Port Vila,-17.73,168.32,22.423188405797102,0.07427536231884058,87.7463768115942,6.6259420289855075
Vatican City,Vatican City,41.9,12.45,29.92086330935252,0.03330935251798561,42.71223021582734,8.352985611510793
Vatican City,Vatican City,41.904,12.453,15.588739495798318,0.08885714285714286,73.75630252100841,18.96379831932773
Venezuela,Caracas,10.5,-66.92,26.25251798561151,0.09985611510791367,77.30935251798562,15.618884892086331
Venezuela,Caracas,10.5,-66.9167,21.857094594594592,0.07503378378378378,84.23479729729729,14.916680743243242
Vietnam,Ban Lom,21.13,104.7,25.802247191011237,0.4591011235955056,93.02247191011236,7.758067415730337
Vietnam,Ban Lom,21.1333,104.7,26.492236024844722,0.24130434782608698,65.64906832298136,39.72788819875776
Vietnam,Hanoi,21.03,105.85,29.321014492753626,0.671231884057971,80.1376811594203,75.95431159420289
Vietnam,Hanoi,21.0333,105.85,26.84107744107744,0.1815993265993266,64.8097643097643,76.36585016835018
Vietnam,Ho Chi Minh City,10.75,106.67,26.6,0.1,86.0,104.6
Vietnam,S. Manian,11.2667,108.2333,28.935714285714283,0.0033333333333333335,57.404761904761905,15.402380952380952
Yemen,Sanaa,15.35,44.21,25.255797101449275,0.15492753623188404,28.231884057971016,23.966050724637682
Yemen,Sanaa,15.3547,44.2067,21.26924369747899,0.011327731092436975,24.536134453781514,23.517638655462186
Zambia,Lusaka,-15.42,28.28,27.16115107913669,0.0002158273381294964,20.820143884892087,13.762805755395684
Zambia,Lusaka,-15.4167,28.2833,23.32205387205387,0.12429292929292929,55.80808080808081,10.980563973063973
Zimbabwe,Harare,-17.82,31.04,25.521167883211678,0.00021897810218978104,18.197080291970803,19.588868613138686
Zimbabwe,Harare,-17.8178,31.0447,22.28148148148148,0.11569023569023569,50.686868686868685,17.00495791245791
Гватемала,New Guatemala,14.62,-90.53,15.9,0.0,95.0,40.8
Польша,Beirut,51.12,17.53,24.2,0.0,56.0,2.5
Турция,Yaren,39.55,27.62,34.0,0.0,44.0,11.3
كولومبيا,Costa Rica,6.43,-70.92,23.1,0.05,95.0,0.5
火鸡,-Kingdom,38.85,34.65,29.7,0.0,24.0,3.0
